Acc_X,Acc_Y,Acc_Z
16.081785202026367,4.543508052825928,9.13094711303711
18.58866310119629,3.2640085220336914,12.068573951721191
16.343238830566406,1.6270689964294434,11.91794776916504
11.112570762634276,1.6417924165725708,7.5893778800964355
6.515145778656006,1.1223094463348389,4.474148273468018
6.258075714111328,10.672194480895996,9.210895538330078
3.609540462493897,9.567930221557615,11.02051830291748
7.053468227386475,4.442010879516602,8.868760108947754
5.580713748931885,-1.912066102027893,7.350233554840088
4.808780670166016,-5.39690637588501,2.499868392944336
4.456910133361816,-11.612095832824709,-2.000150680541992
7.881723880767822,-5.906580924987793,-3.885353088378906
11.429211616516112,-4.931835651397705,-3.701725244522095
15.462191581726074,-3.713634967803955,-4.045346736907959
16.632015228271484,-0.9188941717147828,-3.3855464458465576
14.837237358093262,0.6056621670722961,-3.2706878185272217
14.341405868530272,0.2617587149143219,-3.492713928222656
14.08919906616211,1.1605260372161863,-4.103322505950928
12.791301727294922,0.9735826253890992,-4.944808006286621
11.637086868286133,-0.0366632007062435,-4.881016731262207
11.80104923248291,1.950507402420044,-4.879912853240967
10.7487211227417,2.728816509246826,-3.777740001678467
10.906245231628418,3.379483222961426,-2.8739938735961914
11.671035766601562,2.906712770462036,-1.2934483289718628
11.975239753723145,2.6208622455596924,-1.448095440864563
11.83856964111328,1.572382569313049,-0.3466299772262573
11.139790534973145,0.4458673894405365,-0.1050815507769584
10.051644325256348,2.276134490966797,-2.335722684860229
11.150278091430664,0.8116328120231628,-0.4433242976665497
23.02985954284668,-8.336551666259766,4.068223476409912
15.985050201416016,-2.743079900741577,-4.327830314636231
12.233095169067385,8.775461196899414,3.2677981853485107
6.2677741050720215,-4.641874313354492,0.4129563570022583
9.921693801879885,5.011784076690674,2.408774852752685
10.957268714904783,-0.517220139503479,4.286839962005615
12.448387145996094,-1.3722926378250122,0.2895293235778808
10.680715560913086,0.5433902740478516,1.4057669639587402
10.864904403686523,0.7663159370422363,1.3826779127120972
10.47817611694336,0.6311507225036621,1.772726058959961
8.665304183959961,3.92105770111084,2.455329656600952
9.355283737182615,3.075714588165283,1.4296284914016724
9.463722229003906,2.767298698425293,1.693150520324707
10.321683883666992,2.641792297363281,1.5012081861495972
10.511197090148926,1.1796889305114746,1.000504732131958
10.848750114440918,0.4163454473018646,1.1130450963974
10.5089750289917,2.0543665885925293,3.1366703510284424
9.22408676147461,2.5817348957061768,0.913062572479248
8.557686805725098,1.8921407461166384,0.3109528720378876
9.008355140686035,1.9774019718170168,0.4170255064964294
10.44112491607666,1.9710842370986936,0.5977146625518799
10.497821807861328,0.7782319784164429,0.9317917823791504
9.78481674194336,0.5760858654975891,-0.3790246248245239
10.318385124206545,-0.5416357517242432,-0.0275181084871292
10.880812644958496,0.4939073920249939,-0.498691588640213
12.196476936340332,-0.5602861046791077,-0.1131115108728408
11.741201400756836,1.2842599153518677,0.4695838093757629
11.688706398010254,2.2165801525115967,2.841674327850342
11.34444522857666,2.4080111980438232,2.4244306087493896
12.604451179504396,1.7564101219177246,2.523616075515747
13.9910249710083,-1.1401619911193848,1.8877438306808472
16.507444381713867,-5.219375133514404,5.688615798950195
19.243547439575195,-1.90799617767334,10.495471000671388
18.422090530395508,-2.83911657333374,6.9664716720581055
19.97900009155273,7.693438053131103,8.493181228637695
20.97588348388672,4.42667818069458,13.729158401489258
18.8945255279541,8.57419204711914,10.875709533691406
17.669878005981445,-3.1401922702789307,9.982367515563965
12.120890617370604,2.1031582355499268,12.609200477600098
7.911909580230713,-3.1429309844970703,10.963510513305664
5.624251365661621,-0.7956262826919556,9.32362937927246
4.532890319824219,-0.7500981092453003,8.873802185058594
3.950874090194702,-2.026114225387573,4.849647521972656
4.455663204193115,-3.124659776687622,3.2878360748291016
5.037375926971436,-2.81995701789856,1.7789835929870603
7.222273349761963,-3.210304975509644,0.1699652671813964
9.786378860473633,-2.6514899730682373,-0.8686866760253906
12.710722923278809,-1.151081085205078,-1.7059080600738523
15.15738582611084,0.5725042223930359,-2.109609842300415
19.51216697692871,3.173039436340332,-4.081223964691162
25.97178649902344,1.0375335216522217,-7.50717830657959
30.184513092041016,3.103289604187012,-9.77595043182373
24.558712005615234,10.422679901123049,-12.16576099395752
21.772891998291016,12.318127632141112,-15.078886032104492
15.211739540100098,11.576740264892578,-26.961183547973636
6.989546775817871,16.9235897064209,-25.834360122680664
10.646632194519045,11.719371795654297,-19.06189346313477
15.262809753417969,11.280677795410156,-10.44727897644043
17.812986373901367,8.586980819702148,0.9275211095809937
16.030237197875977,-9.89261531829834,14.17570686340332
13.20911979675293,-5.3027825355529785,-6.156556606292725
16.9580078125,11.897150039672852,-7.033700466156006
9.860121726989746,2.4922280311584477,2.1849522590637207
7.66383171081543,5.208934307098389,-2.3383476734161377
12.967479705810549,-4.936740875244141,0.6427609920501709
12.526866912841797,-1.8233855962753296,-0.1749904155731201
11.970572471618652,-0.7562028765678406,-0.0901548713445663
10.895867347717283,0.1062192842364311,-0.5077813267707825
11.57815933227539,-1.9142327308654783,-0.1997296810150146
10.882735252380373,1.2031508684158323,-0.1030259579420089
11.25080680847168,2.241379499435425,0.5308771729469299
10.988256454467772,0.8737757802009583,-0.4403207302093506
10.105022430419922,3.3242695331573486,2.076399564743042
10.029109001159668,4.472886085510254,3.065804243087769
9.3272066116333,4.463548183441162,2.492166042327881
9.54145050048828,3.355853796005249,2.390389442443848
9.210408210754396,3.3069210052490234,2.23795747756958
9.101107597351074,2.102747201919556,0.8893665075302124
9.525762557983398,1.855154275894165,0.5058327913284302
9.207948684692385,-0.4988530576229095,-0.2505267262458801
9.853904724121094,0.0450384020805358,-0.462234765291214
10.358104705810549,-1.565201997756958,-1.233550190925598
11.557507514953612,-1.1237634420394895,-0.5122804045677185
11.05723476409912,-0.5148741006851196,-0.5560272932052612
11.584826469421388,0.0787310153245925,-0.3108463883399963
13.121752738952637,-0.1985336393117904,-0.2955188453197479
14.599843978881836,-1.436503291130066,0.0745384693145752
16.11294174194336,-0.5988975167274475,4.074543476104736
18.58083724975586,-1.8972716331481931,7.5827436447143555
21.57229423522949,-1.2530207633972168,14.223894119262695
19.014896392822266,1.0829250812530518,10.16775131225586
20.812816619873047,5.438011646270752,11.096233367919922
19.74580764770508,4.515580654144287,10.137039184570312
15.855469703674316,10.493341445922852,8.784623146057129
13.148759841918944,-2.468245506286621,12.898661613464355
7.065760612487793,1.114988923072815,9.949129104614258
6.5345072746276855,0.0060256794095039,9.65373706817627
3.561692953109741,-0.0339584201574325,9.158130645751951
2.973221063613892,0.3682167828083038,7.541817665100098
4.63989782333374,-0.5375552177429199,5.519838809967041
6.781126022338867,-1.132479190826416,3.361580371856689
7.749526023864746,-2.40344762802124,1.811318039894104
9.404098510742188,-3.190773725509644,-0.5033344030380249
12.115407943725586,-4.174771785736084,-1.9500330686569212
15.205199241638184,-3.192939519882202,-2.3402466773986816
17.762142181396484,-1.7156214714050293,-2.4005513191223145
19.95632743835449,1.3518760204315186,-2.28261947631836
23.969282150268555,5.148289203643799,-3.886072874069214
26.329952239990234,7.053687572479248,-6.591057300567627
22.30020904541016,7.207073211669922,-10.168070793151855
18.297401428222656,7.907658576965332,-14.123682022094728
14.091422080993652,7.169622421264648,-20.234729766845703
8.809446334838867,14.144083023071287,-22.386444091796875
10.54567813873291,12.226327896118164,-17.086185455322266
13.55627727508545,7.088109970092773,-11.482049942016602
17.36515998840332,6.714282035827637,-0.2659229636192322
22.209699630737305,-2.3702480792999268,2.5480446815490723
18.094221115112305,-6.716244697570801,-7.274981021881103
15.530341148376465,7.139633655548096,-6.922205924987793
10.717463493347168,2.2244760990142822,-0.1048522517085075
9.41878890991211,1.3335405588150024,-2.292447805404663
12.055654525756836,-3.1241846084594727,1.9655503034591677
12.872079849243164,-1.270293116569519,0.8405007719993591
10.921724319458008,0.562738299369812,1.567284345626831
9.260836601257324,3.072173833847046,2.0688459873199463
9.073891639709473,2.418025255203247,2.7103285789489746
9.726560592651367,2.0691304206848145,2.2950761318206787
9.14648723602295,4.005748271942139,1.6951444149017334
9.497726440429688,4.107652187347412,1.5773712396621704
9.605603218078612,2.2082364559173584,1.374304175376892
9.84206771850586,1.6053855419158936,1.84893536567688
10.159143447875977,1.7159619331359863,1.428573489189148
10.818227767944336,1.0971254110336304,0.0648343041539192
10.679435729980469,0.1621822416782379,-0.6863768100738525
10.589993476867676,0.1649046689271927,-0.7806276082992554
10.193931579589844,1.0704326629638672,0.3663665056228637
9.837543487548828,2.0067498683929443,0.4371013641357422
8.988821983337402,0.3448397219181061,1.015998125076294
9.509763717651367,1.6574203968048096,-0.0615919381380081
10.267656326293944,0.0593568533658981,0.0387051180005073
11.67733383178711,1.6595393419265747,-0.2141534239053726
11.223793983459473,0.2956052720546722,-1.127738356590271
12.36532497406006,0.0795422345399856,-1.17877995967865
13.978793144226074,-0.2717007994651794,-0.8391780853271484
15.25976276397705,-0.0408246889710426,-0.0746173560619354
15.708174705505373,0.0135730355978012,1.7620269060134888
16.507591247558594,-0.1631171554327011,4.0494585037231445
18.58025932312012,-1.4157352447509766,9.001737594604492
18.063106536865234,-2.4095959663391118,12.145861625671388
16.026880264282227,0.0634727478027343,9.914772987365724
17.472013473510742,6.708701133728027,5.421141147613525
21.124217987060547,6.673556327819824,12.13821506500244
11.214300155639648,8.979198455810547,5.343090057373047
12.222504615783691,3.277506828308105,8.797995567321777
7.272070407867432,-4.171860694885254,8.637977600097656
6.586774826049805,3.1479172706604004,7.961126327514648
5.058986186981201,5.485081195831299,7.045425415039063
4.035496234893799,1.951549053192139,7.313168525695801
4.661587715148926,1.1014256477355957,5.582897663116455
6.749870777130127,-0.388986200094223,3.219674587249756
7.803468704223633,-3.2146260738372803,2.150172233581543
9.005462646484375,-3.093907117843628,0.6436746120452881
11.10073947906494,-4.82210636138916,-0.7256640195846558
14.04183292388916,-4.763675689697266,-1.831833243370056
16.165130615234375,-2.64638352394104,-3.078701496124268
17.136816024780273,-0.1833357512950897,-2.993248462677002
20.13184356689453,0.984382390975952,-3.7463207244873047
25.35651969909668,2.113368511199951,-4.978143692016602
24.059215545654297,8.683564186096191,-6.799583911895752
19.971111297607425,9.44305419921875,-8.907585144042969
17.33224105834961,6.3674635887146,-14.379965782165527
11.602087020874023,9.541518211364746,-20.62381172180176
7.897644996643066,14.43618106842041,-17.893627166748047
10.981520652770996,10.413769721984863,-11.398489952087402
14.01254177093506,7.551398277282715,-6.373518943786621
15.284856796264648,7.315088748931885,-3.2365171909332275
17.647241592407227,0.9831477403640748,-1.4107763767242432
22.6249942779541,-7.970129013061523,-2.364841938018799
13.214226722717283,1.9620018005371092,-5.899670124053955
10.908195495605469,4.725325107574463,0.4255130290985107
7.221323013305664,2.427673578262329,-1.8261957168579104
13.407756805419922,-4.97460412979126,-0.3856243789196014
12.370094299316406,-0.7728031277656555,1.0303151607513428
10.839324951171877,-0.1888877749443054,1.585625171661377
9.395277976989746,2.662308692932129,2.0494256019592285
9.203776359558104,2.2972731590271,2.5587565898895264
10.98068141937256,1.595627784729004,1.2376645803451538
9.748390197753906,4.088401317596436,1.6790752410888672
10.165006637573242,3.759493350982666,1.550693392753601
9.89541721343994,1.3179152011871338,0.7109926342964172
9.619213104248049,1.16739022731781,-0.5013940930366516
10.111124992370604,1.2426865100860596,-0.7096951603889465
10.830660820007324,0.1071531623601913,-0.6139934659004211
11.004351615905762,1.667757272720337,0.3656770884990692
10.575343132019045,1.2148786783218384,0.2029625028371811
9.638669967651367,1.9138381481170652,1.1606959104537964
9.370548248291016,1.83302104473114,2.334397792816162
8.928293228149414,1.5178191661834717,-0.3613529205322265
11.028305053710938,-0.3664540648460388,0.6849939227104187
11.537543296813965,-0.3202348053455353,-1.3183512687683103
11.727208137512209,-0.3377048671245575,-1.2423017024993896
12.244879722595217,0.2847741246223449,-0.889324963092804
13.108903884887695,1.2025840282440186,-0.4636187553405761
14.322721481323242,1.184320092201233,0.0983075499534607
15.29697036743164,1.0779390335083008,1.1512107849121094
16.162761688232422,-1.2621302604675293,3.207597494125366
19.348716735839844,-2.0697271823883057,8.214004516601562
20.42220497131348,-4.168295383453369,12.258994102478027
17.374013900756836,-2.50386905670166,8.764883041381836
19.462684631347656,6.575092792510986,8.271065711975098
21.63531875610352,6.762526035308838,14.123147010803224
12.038208961486816,9.811565399169922,7.130195617675781
13.333057403564451,3.1610686779022217,12.003690719604492
7.03720760345459,-5.092177391052246,11.669776916503906
7.4223408699035645,3.0131266117095947,7.919691562652588
5.576241493225098,4.256197452545166,7.830163478851318
4.261303901672363,1.610064148902893,6.572887420654297
5.3075361251831055,-0.01097022742033,4.843844890594482
6.942038059234619,-1.275315284729004,3.032677412033081
7.764773845672607,-2.4199912548065186,1.6563001871109009
9.215723991394045,-3.419909954071045,0.0043818056583404
12.205487251281738,-4.270148277282715,-1.5483427047729492
15.121644020080566,-3.8596694469451904,-3.0564682483673096
17.662553787231445,-1.5714519023895264,-3.5437445640563965
19.22029685974121,0.5091750025749207,-4.092755317687988
23.917877197265625,2.253944635391236,-4.3665056228637695
27.31900405883789,4.182127952575684,-6.537443161010742
21.70323944091797,11.083503723144531,-9.489728927612305
18.28806495666504,8.936480522155762,-13.529480934143066
15.271845817565918,2.645590782165528,-20.485328674316406
9.552035331726074,9.246543884277344,-21.20722007751465
9.189085006713867,11.879441261291504,-16.696550369262695
12.840815544128418,8.16125774383545,-11.203588485717772
15.722805976867676,7.576759815216064,-5.784066677093506
18.00942611694336,4.75714111328125,6.038144111633301
19.37477302551269,-9.244733810424805,-2.66914176940918
15.299196243286133,-1.4732705354690552,-10.64193344116211
16.492185592651367,4.892364978790283,-2.819342613220215
10.177459716796877,0.7309827208518982,0.7781926393508911
10.70755672454834,-0.8745652437210083,-0.6257480978965759
10.42263889312744,-0.1693106293678283,2.721120357513428
10.338666915893556,2.586094617843628,3.3130810260772705
9.169124603271484,4.927236557006836,3.362978935241699
8.732939720153809,3.288472414016724,2.407097339630127
9.875386238098145,0.44430872797966,1.0917545557022097
11.387994766235352,0.7651803493499756,1.0500028133392334
10.343454360961914,1.5329607725143433,-0.04882537946105
9.747018814086914,2.570868730545044,1.653308629989624
10.341804504394531,1.5206072330474854,0.6529397964477539
10.355265617370604,1.725409746170044,0.5798564553260803
10.128532409667969,1.5445992946624756,-0.3920222520828247
10.330599784851074,1.051081299781799,-0.4268653690814972
9.936001777648926,1.606031894683838,0.0375645905733108
10.11038303375244,0.6275313496589661,-0.6065851449966431
9.622693061828612,1.1987348794937134,0.5978342294692993
9.978684425354004,2.588026762008667,1.4632353782653809
9.003026962280273,1.815568685531616,1.134688138961792
10.089449882507324,0.9168853759765624,1.1272921562194824
11.024885177612305,0.2036316394805908,-0.412493884563446
11.894495964050291,0.7516767382621765,-0.7243874073028564
12.287177085876465,0.8252934813499451,-1.236034274101257
13.342828750610352,1.0912564992904663,-0.5462847948074341
14.29429817199707,1.1383384466171265,-0.0155862271785736
15.265219688415527,0.6634419560432434,1.3319507837295532
17.212711334228516,-0.7763950228691101,3.2578318119049072
20.600568771362305,-2.8453547954559326,7.605218410491943
20.66963005065918,-3.903067588806152,12.6991548538208
17.480491638183594,-1.7373048067092896,13.045162200927734
16.37908172607422,5.836610794067383,4.005475997924805
23.12962913513184,9.193648338317873,16.261783599853516
11.966243743896484,5.772353649139404,7.393228054046631
10.812911033630373,7.698564052581787,6.8139967918396
11.596670150756836,-3.212058782577514,10.231807708740234
4.05925178527832,0.9171411991119384,9.48681354522705
4.7370285987854,4.184874534606934,7.332356929779053
2.9087605476379395,2.1218373775482178,6.177175998687744
4.5477800369262695,0.1404652297496795,5.879279136657715
6.230308532714844,0.4075997471809387,4.154997825622559
7.533733367919922,-0.5561501383781433,2.826533794403076
8.505913734436035,-2.100968360900879,1.2489469051361084
10.504538536071776,-3.549161672592163,-0.1395102739334106
13.600049018859863,-3.9966328144073486,-1.4617788791656494
16.651334762573242,-3.5189547538757324,-2.408928871154785
19.084760665893555,0.7479826807975769,-3.45632553100586
22.36234664916992,3.4425301551818848,-4.558130741119385
28.25287628173828,3.9971301555633545,-5.2137861251831055
25.57340431213379,8.674337387084961,-7.552005767822266
20.019142150878903,10.94584846496582,-12.244665145874023
16.195369720458984,7.805653572082519,-20.20512962341309
8.642260551452637,12.17342472076416,-22.79615592956543
8.693886756896973,12.711175918579102,-15.875697135925291
12.963483810424805,9.873529434204102,-10.664260864257812
15.78273105621338,6.895334243774414,-5.120537757873535
15.178683280944824,3.907202005386353,-3.931960344314575
16.189735412597656,-2.870301485061645,-0.4107256829738617
19.94742774963379,-7.55530309677124,-3.989497661590576
14.31837272644043,4.163402557373047,-4.406704425811768
10.979181289672852,5.733618259429932,1.7857519388198853
8.039429664611816,-2.570629358291626,-3.047227144241333
12.733503341674805,-0.964639127254486,1.34965181350708
12.217609405517578,-0.8757210373878479,0.5865523815155029
11.170205116271973,0.3939374387264251,0.5311403274536133
10.146949768066406,1.722062587738037,1.806667447090149
9.981470108032228,0.843001663684845,1.647920846939087
11.19895839691162,2.124230146408081,0.7032060623168945
9.715773582458496,3.2426528930664062,0.5953542590141296
9.968050003051758,4.132439136505127,1.092864155769348
9.8991060256958,2.12233567237854,0.6231472492218018
10.385445594787598,1.523526668548584,0.0856723189353942
10.221794128417969,1.0706865787506104,0.2415730059146881
10.770270347595217,0.6041530966758728,-0.6938603520393372
10.207033157348633,1.8725435733795168,0.3023678660392761
10.454943656921388,1.113187551498413,0.634160578250885
9.612943649291992,3.1312849521636963,1.4554688930511477
8.806230545043945,1.3069716691970823,0.9476348757743835
9.096875190734863,1.7138402462005615,-0.7792696356773376
10.876693725585938,-0.371270477771759,0.2572086453437805
11.535370826721191,1.22478187084198,0.1828708946704864
11.618858337402344,1.4215798377990725,0.2759064435958862
11.433871269226074,0.7542068362236023,-0.4507674276828766
12.34986972808838,1.0324602127075195,-0.406193345785141
14.043456077575684,0.8608184456825256,-0.0081880390644073
15.154383659362791,-0.8382323980331421,0.833868145942688
17.255855560302734,-3.101975679397583,3.834296464920044
19.345325469970703,-3.668081283569336,9.086084365844728
18.95074462890625,-2.11419939994812,13.191084861755373
17.387134552001953,-0.7796435952186584,8.34480094909668
19.306415557861328,7.06377649307251,9.816158294677734
23.149093627929688,6.046144485473633,15.941055297851562
11.936860084533691,11.753056526184082,6.168586254119873
14.350637435913086,9.530306816101074,9.684510231018066
12.107935905456545,-6.978518962860107,11.088688850402832
3.891489982604981,0.5536161661148071,8.724365234375
5.188282012939453,3.6909234523773193,6.749468803405762
4.400715827941895,1.8317408561706543,5.864972114562988
5.672632694244385,0.1913543939590454,4.608964920043945
6.135264873504639,1.95969033241272,3.227821350097656
6.565092086791992,-0.899255633354187,2.5690245628356934
7.896443843841553,-3.125251293182373,1.0591245889663696
10.399120330810549,-4.834695816040039,-0.952572464942932
14.267224311828612,-6.210740566253662,-2.3695292472839355
17.170543670654297,-3.0342259407043457,-4.0223307609558105
18.839221954345703,-0.0161166787147521,-4.5559587478637695
24.48252487182617,1.829006314277649,-4.567281246185303
30.634660720825195,4.431612014770508,-6.107763290405273
23.533313751220703,9.61802101135254,-9.909147262573242
19.115901947021484,14.368398666381836,-14.533056259155272
15.585588455200195,7.3660101890563965,-23.47132110595703
8.703912734985352,10.742076873779297,-22.64095687866211
9.046913146972656,13.814040184020996,-15.701842308044434
13.51238250732422,9.725317001342772,-10.54354190826416
16.20744514465332,6.832854747772217,-4.511734008789063
15.128910064697266,2.996636152267456,-2.7478368282318115
16.046154022216797,-4.481091022491455,1.2558650970458984
17.944358825683594,-7.088509559631348,-5.4911651611328125
15.578107833862305,5.014950752258301,-4.05869197845459
10.396254539489746,4.929402828216553,3.0673158168792725
8.792922973632812,-3.017122268676758,-2.472670793533325
11.34815502166748,0.4293855726718902,2.618180513381958
11.426125526428224,0.9643635749816896,1.3079404830932615
10.950848579406738,1.2329591512680054,1.0826538801193235
10.731162071228027,1.6257754564285278,0.3416317403316498
10.302461624145508,1.081011176109314,-0.1591189503669738
10.425472259521484,2.4082300662994385,0.2472443282604217
10.62232780456543,2.742600440979004,-0.3837552070617676
10.253091812133787,3.3245327472686768,-0.1566890180110931
10.460697174072266,2.419420003890991,0.2105977237224578
10.337485313415527,1.9623738527297971,-0.612034797668457
10.007440567016602,2.3076186180114746,-0.8935375809669495
10.097968101501465,1.759310245513916,-0.386018693447113
10.102784156799316,1.5182424783706665,0.1662012189626693
9.88321590423584,1.3458867073059082,0.3758196234703064
10.123612403869627,1.2601200342178345,1.0989371538162231
9.388893127441406,0.0823254957795143,-0.3479512929916382
10.541420936584473,0.488070011138916,0.8500504493713379
10.923712730407717,1.8216923475265503,-0.7978618741035461
11.089622497558594,1.2881120443344116,0.7398226261138916
10.73495388031006,0.8693435788154602,-0.7156702876091003
11.42506217956543,0.6928877234458923,-1.1424213647842407
13.017070770263672,1.6865180730819702,-0.4917000234127044
14.145928382873535,1.104772925376892,-0.5379631519317627
15.124570846557615,-0.4109969437122345,1.0237551927566528
15.594325065612791,-2.234648466110229,2.855711936950684
16.774307250976562,-0.9643758535385132,7.943437099456787
17.759660720825195,-0.3592392206192016,11.693323135375977
16.97434425354004,-0.6254359483718872,10.767635345458984
16.882925033569336,5.566855430603027,4.5435943603515625
21.345218658447266,6.172893524169922,14.294432640075684
16.00580596923828,6.14086389541626,9.497078895568848
11.100003242492676,13.275922775268556,4.439112186431885
16.210201263427734,-4.498996734619141,10.886609077453612
4.928194522857666,-3.962627649307251,9.9697847366333
5.464197635650635,4.098557472229004,6.080756664276123
5.366281986236572,2.438129425048828,6.509414196014404
4.093583106994629,-0.9075852632522584,6.838108539581299
5.177185535430908,0.3862795233726501,5.197305679321289
6.653267860412598,-0.2888213396072387,3.306570053100586
7.276158332824707,-2.671910762786865,1.868283748626709
8.689496994018555,-3.573878526687622,-0.0427489280700683
12.04171085357666,-4.944092750549316,-1.315738320350647
15.348551750183104,-4.511272430419922,-2.160170078277588
17.924102783203125,-1.321108102798462,-2.599518299102783
20.787599563598636,1.5121983289718628,-3.252752780914306
25.90496826171875,3.031005620956421,-3.6633901596069336
28.30097198486328,6.199222564697266,-6.076343059539795
21.382360458374023,11.91720199584961,-11.159732818603516
18.54717445373535,10.67315673828125,-17.71731948852539
13.32361125946045,7.451897621154785,-23.909822463989254
7.533194541931152,13.592732429504396,-19.720890045166016
10.893081665039062,12.889662742614746,-15.216171264648438
14.610370635986328,9.451376914978027,-9.94606113433838
17.97079849243164,6.04550313949585,3.247440814971924
20.505779266357425,-7.301975250244141,-0.2491195499897003
14.73351001739502,-6.090073108673096,-9.74939250946045
15.425277709960938,10.045110702514648,-4.601914405822754
10.262125015258787,-0.1293641030788421,1.4141157865524292
10.790907859802246,-1.1349259614944458,-1.3638973236083984
11.867117881774902,-0.744993269443512,1.2608380317687988
10.639406204223633,2.8587968349456787,2.0696980953216557
9.997368812561035,2.490448236465454,1.37404203414917
10.014676094055176,2.553499221801758,1.3385905027389526
10.320204734802246,1.5262056589126587,1.4671539068222046
11.057997703552246,1.1503733396530151,1.128162503242493
9.074978828430176,3.374861717224121,0.2898313403129577
10.34458351135254,2.623537063598633,1.1314833164215088
10.8217191696167,1.09043550491333,-0.1028037369251251
10.519773483276367,0.2906036972999573,-0.0563102886080741
9.73094367980957,1.6518774032592771,-0.4260147213935852
9.949068069458008,1.9076522588729856,0.2179851233959198
10.411450386047363,1.603535771369934,0.6728093028068542
11.1725492477417,1.054886817932129,1.5903650522232056
10.388580322265623,2.0315558910369877,0.6139005422592163
9.98223876953125,1.2471972703933716,1.7780410051345823
9.161481857299805,-0.2787817716598511,-1.558753252029419
10.97669792175293,0.3074771761894226,0.5441817045211792
11.17483615875244,0.5303621888160706,-0.3135587573051452
11.57871150970459,0.3035154342651367,0.0726803690195083
11.188575744628906,1.3434489965438845,0.2525206208229065
12.27612018585205,2.0392448902130127,-0.0717895925045013
13.892648696899414,1.2020561695098877,0.2165837883949279
14.780695915222168,-0.3500241041183471,2.0616343021392822
15.96949577331543,-1.2990238666534424,4.217961311340332
19.062124252319336,-2.829813003540039,8.130367279052734
19.004653930664062,-2.60129189491272,12.70905876159668
16.872053146362305,1.0811991691589355,6.865823745727539
19.50528717041016,6.917869091033936,9.01358127593994
21.48579788208008,4.3091254234313965,13.83217430114746
12.001524925231934,9.723002433776855,6.632369995117188
13.719475746154783,5.73630952835083,9.175344467163086
11.376769065856934,-5.29465913772583,10.193159103393556
5.947584629058838,3.02568793296814,9.156780242919922
5.029220581054688,5.132655143737793,6.856496334075928
4.303180694580078,1.5097209215164185,6.294597148895264
5.3548665046691895,0.1892600357532501,5.040398120880127
6.510117053985596,0.9060426354408264,3.748448371887207
7.431687831878662,-1.2538810968399048,2.38464879989624
8.404923439025879,-2.356519222259521,0.968351423740387
10.712729454040527,-2.7776668071746826,-0.4016274809837341
13.981711387634276,-4.300590991973877,-2.508750915527344
16.502954483032227,-2.8385369777679443,-3.943506002426148
17.53391456604004,1.6219297647476196,-4.399353504180908
21.33995246887207,1.8152092695236208,-4.303301811218262
28.121322631835938,0.9159470796585084,-5.538036346435547
25.01418685913086,9.111824035644531,-8.00249195098877
19.14765167236328,13.948529243469238,-12.473782539367676
17.85435676574707,7.655508995056152,-21.13657760620117
11.324406623840332,6.322909832000732,-23.263324737548828
7.617049217224121,13.607254981994627,-18.22220993041992
11.42028522491455,11.768719673156738,-13.424674034118652
14.957311630249023,8.23547077178955,-7.903860092163086
16.344587326049805,5.4427490234375,1.0299642086029053
17.886987686157227,-6.174579620361328,1.353362798690796
17.7679500579834,-0.8759453892707825,-7.131855487823486
18.495302200317383,7.155123233795166,-4.737214088439941
7.0275187492370605,-2.9395134449005127,1.3086546659469604
8.829172134399414,0.6028191447257996,-0.5641652345657349
11.7802095413208,-0.8280730247497559,0.85054612159729
12.386568069458008,0.2760577499866485,0.8836257457733154
11.108465194702148,1.3825300931930542,0.3221962749958038
10.628294944763184,1.335617184638977,1.6297205686569214
10.476065635681152,1.5187355279922483,0.5258127450942993
10.192601203918455,1.7272156476974487,0.2464318722486496
9.962181091308594,2.996123075485229,0.8731266260147095
10.01233959197998,2.8885440826416016,0.6746546626091003
9.816550254821776,3.3497231006622314,2.123429536819458
9.739309310913086,3.528723955154419,0.931067705154419
9.87123680114746,2.994404554367065,0.6567280292510986
10.5206937789917,1.9247442483901975,0.006651584059
10.33841609954834,1.4778066873550415,0.8582705855369568
9.962316513061523,2.247836112976074,-0.1385310888290405
9.990438461303713,1.3866326808929443,1.7329926490783691
8.85915470123291,0.7765883803367615,-0.2325677573680877
9.242439270019531,-0.2215965390205383,0.8787434101104736
10.458948135375977,0.2936789989471435,-2.416421890258789
12.108894348144531,-1.6080135107040403,-0.8862481117248535
11.770299911499023,-0.1594614088535308,-0.4563015699386596
11.381444931030272,1.9662468433380127,0.7150018215179443
11.711492538452148,1.6212679147720337,0.119148850440979
13.248619079589844,1.1528220176696775,0.1882912218570709
14.403581619262695,-0.1243484020233154,1.8280682563781736
16.60279083251953,0.0826314091682434,3.57757568359375
19.455724716186523,-2.1829423904418945,7.361124515533447
19.285541534423828,-3.053102970123291,12.514851570129396
18.088472366333008,-0.6562250852584839,13.410175323486328
15.566102981567385,2.5522022247314453,2.356040477752685
21.74159240722656,7.982577800750732,13.522809982299805
14.150297164916992,4.8655853271484375,7.99780797958374
12.825459480285645,7.683351993560791,9.068315505981444
12.014362335205078,-3.654287815093994,9.97130012512207
6.772364616394043,0.5628083944320679,9.99826717376709
5.8956451416015625,4.592567920684815,8.959674835205078
3.9800853729248047,2.5302295684814453,7.661785125732422
4.025096893310547,-0.7331207990646362,5.984859943389893
5.879475116729736,0.3934170007705688,5.134133815765381
6.896582126617432,-1.0459190607070925,3.410961389541626
8.148807525634766,-2.5739245414733887,2.098499059677124
9.929725646972656,-2.6051337718963623,0.3653242588043213
13.33704948425293,-3.215663433074951,-0.9342603087425232
16.465269088745117,-2.9599645137786865,-2.2687184810638428
18.600595474243164,0.6742439866065979,-3.0008704662323
21.278461456298828,2.945520401000977,-3.6091790199279785
26.39375877380371,1.5211023092269895,-4.718128204345703
26.23965835571289,6.702949523925781,-7.876116752624512
20.667814254760746,11.529427528381348,-12.806070327758787
17.856563568115234,9.942317008972168,-18.57079315185547
12.190141677856444,6.349073886871338,-23.243209838867188
9.208389282226562,12.39661693572998,-20.69504737854004
11.061653137207031,9.415183067321776,-15.146783828735352
14.924728393554688,9.123507499694824,-7.346741199493408
15.304811477661133,7.8362135887146,-4.464745998382568
15.54284954071045,-0.7724484205245972,4.221887588500977
18.24590301513672,-9.251060485839844,-5.1054558753967285
17.397001266479492,3.9587905406951904,-5.9072370529174805
13.33808708190918,3.0642011165618896,2.6761367321014404
7.602835655212402,-1.4175975322723389,-4.826007843017578
13.20987033843994,-1.4041101932525637,1.6038709878921509
12.056833267211914,0.8482450842857361,2.01667594909668
10.289514541625977,1.947554111480713,1.536010980606079
9.571711540222168,3.081618547439575,1.7952314615249634
9.73943328857422,2.393012523651123,1.761783003807068
10.276223182678224,2.809509754180908,1.7755764722824097
10.795259475708008,0.7992008924484253,-0.4201731383800506
10.235865592956545,1.5129836797714231,-0.4514255821704864
10.270915985107422,2.52732515335083,0.8913652896881104
9.411554336547852,2.1682403087615967,1.0976498126983645
10.102511405944824,1.5476404428482056,0.7949445843696594
9.57523250579834,1.96783459186554,0.6014128923416138
10.285457611083984,1.2742081880569458,0.4910949766635895
10.649463653564451,2.5594637393951416,0.4297619760036468
10.789301872253418,0.7483075261116028,1.1438781023025513
8.940932273864746,2.237509489059448,0.699618399143219
9.919429779052734,0.2366473972797393,1.083022117614746
10.107263565063477,0.9400010108947754,-1.0772770643234253
11.346713066101074,0.1816084682941436,0.4228346049785614
11.158689498901367,0.6978380680084229,-0.142172172665596
11.697855949401855,0.6872367262840271,-0.713676393032074
13.265080451965332,0.3806121945381164,-0.7564054727554321
14.830142974853516,0.6890604496002197,-0.0932951420545578
15.58841323852539,-0.6979389190673828,1.6107962131500244
16.834415435791016,-2.4932668209075928,3.571677923202514
19.45520401000977,-4.367126941680908,9.240448951721191
18.252960205078125,-2.062058687210083,13.397808074951172
15.97994327545166,1.0111881494522097,10.043456077575684
17.5996150970459,8.380890846252441,7.168244361877441
22.421661376953125,5.440605163574219,14.056978225708008
12.285786628723145,8.081338882446289,7.634989261627197
12.059425354003906,7.867871284484863,7.464105129241943
13.37126922607422,-5.923041343688965,9.327143669128418
4.030703544616699,0.9731061458587646,8.953124046325684
4.828939914703369,5.765842437744141,6.660774230957031
4.270118713378906,3.395426750183105,6.121489524841309
4.353285789489746,-0.9303953647613524,5.4338908195495605
6.035959243774414,1.0840717554092407,4.3967766761779785
7.454975605010986,-1.3049874305725098,2.583117961883545
8.571314811706543,-3.519120931625366,0.9887204170227052
10.253268241882324,-3.582724094390869,-0.7891455888748169
13.561222076416016,-4.1612629890441895,-2.202331066131592
16.223052978515625,-3.04025673866272,-3.367393493652344
18.148908615112305,1.2290095090866089,-4.038165092468262
21.584043502807617,2.6241650581359863,-4.287084102630615
27.834163665771484,3.643805503845215,-4.6346282958984375
25.201478958129883,10.291452407836914,-7.919106006622314
19.965606689453125,12.998409271240234,-13.311118125915527
16.57557487487793,6.877623081207275,-20.63836097717285
9.95964527130127,7.73939847946167,-22.18378448486328
8.59794807434082,13.01305866241455,-16.692739486694336
11.91101360321045,10.678872108459473,-11.891334533691406
15.167682647705078,8.680654525756836,-5.078338146209717
15.085192680358888,6.279943466186523,-3.659526824951172
15.01536750793457,-3.5200374126434326,0.8650583028793335
17.675352096557617,-7.495723247528076,-4.770561218261719
16.688093185424805,2.069621324539185,-6.896258354187012
14.41343879699707,5.062623023986816,2.362590312957764
7.607837677001953,-3.2454659938812256,-3.553086996078491
11.873221397399902,-0.7905484437942505,1.7728931903839111
11.308107376098633,1.6296826601028442,2.111978054046631
10.82790470123291,2.0623576641082764,1.9241960048675537
10.22092342376709,2.600562572479248,0.8068644404411316
10.106365203857422,1.7250266075134275,0.8662031292915344
9.69480323791504,2.3587467670440674,1.5149474143981934
10.273330688476562,3.278430700302124,1.6534594297409058
10.047465324401855,3.4931581020355225,0.6329309344291687
10.808305740356444,2.1755173206329346,-0.170276254415512
10.147452354431152,1.8136423826217647,1.5443272590637207
10.130993843078612,1.147651195526123,-0.2763591706752777
10.298921585083008,0.9207471013069152,0.1138857081532478
10.806626319885254,0.6784815788269043,0.0250552557408809
10.753191947937012,2.04492712020874,2.023987293243408
9.703025817871094,1.6828426122665403,0.213813841342926
8.714273452758789,0.3083334565162658,1.1040278673171997
9.92551612854004,-0.4415668249130249,0.3073664903640747
10.854448318481444,0.890618085861206,-1.7211167812347412
12.548749923706056,-0.2965269386768341,0.1973869502544403
11.355947494506836,0.4756573438644409,-0.0959392040967941
11.421289443969728,0.8787463903427124,-0.0196475982666015
12.844533920288086,0.7024712562561035,-0.3270626366138458
14.130807876586914,0.0832829624414444,-0.4118025004863739
15.105353355407717,-0.5984362959861755,1.8310853242874143
16.193143844604492,-2.161906242370605,4.226442813873291
17.59427261352539,-3.5731780529022217,8.624671936035156
17.197467803955078,-1.7885639667510986,13.15663719177246
15.299078941345217,3.1763782501220703,7.85614013671875
18.511802673339844,6.946791648864746,7.762001037597656
22.01377868652344,3.357184648513794,14.700469017028809
11.731125831604004,9.879605293273926,5.739636421203613
14.333233833312988,6.25407075881958,8.128969192504883
11.388738632202148,-7.028988838195801,9.884854316711426
5.699255466461182,1.577850341796875,8.299939155578613
5.545620918273926,5.947277545928955,7.024694442749023
4.313857555389404,2.9126100540161133,6.354977607727051
4.703129768371582,-0.3032202422618866,5.721032619476318
6.153040409088135,2.292327404022217,5.609787940979004
7.420243740081787,0.2177827954292297,3.406374216079712
8.618720054626465,-2.39547061920166,1.7832034826278689
10.564881324768066,-2.554284811019897,0.1905163526535034
13.64540958404541,-2.9971656799316406,-1.0122472047805786
16.48297691345215,-1.9534358978271484,-2.365116596221924
18.33123207092285,0.2315790802240371,-2.3331456184387207
22.69218635559082,0.3064630031585693,-3.3381898403167725
28.87558364868164,1.4856958389282229,-5.032688140869141
24.24451446533203,9.430684089660645,-9.055034637451172
20.1229248046875,12.440796852111816,-14.262849807739258
16.67622947692871,6.605264186859131,-21.314659118652344
10.092735290527344,8.773457527160645,-25.24411964416504
8.451047897338867,14.699316024780272,-18.831016540527344
12.651259422302246,9.989898681640623,-12.948735237121582
15.785676956176758,6.675297737121582,-6.408707618713379
15.790471076965332,4.631680488586426,0.4794784784317016
18.88932228088379,-8.756816864013672,2.0678677558898926
18.865203857421875,-4.1781325340271,-8.552265167236328
17.2831974029541,9.154352188110352,-4.023492336273193
7.766433238983154,0.1815023869276046,1.561180830001831
9.79339599609375,-0.0825152844190597,-2.475231409072876
12.201769828796388,-1.5478206872940063,1.2805665731430054
12.481172561645508,0.2541832625865936,1.5438544750213623
10.687132835388184,2.0440120697021484,1.4448986053466797
10.002357482910156,1.6182414293289185,0.8368275761604309
10.226714134216309,1.5904885530471802,1.150193452835083
9.711478233337402,2.340786933898926,0.8205839991569519
9.343993186950684,4.167754650115967,0.9784615635871888
10.654112815856934,3.4556686878204346,0.849879264831543
9.038743019104004,3.668691635131836,1.0847561359405518
10.075848579406738,1.652299404144287,1.5043413639068604
10.26086139678955,1.9177346229553225,-0.0878269970417022
10.918582916259766,1.2023097276687622,-0.0686156153678894
10.8839111328125,0.9728294014930724,-0.214957445859909
10.829326629638672,3.2463126182556152,1.697232961654663
9.901692390441896,2.172484397888184,0.7964196801185608
9.442169189453123,-0.4152803122997284,0.9505850672721864
8.830596923828125,-0.6880107522010803,-0.9838554859161376
11.908636093139648,-1.1607965230941772,-0.1500766277313232
12.46323013305664,0.143052190542221,-2.4726407527923584
12.196206092834473,-0.7713138461112976,-0.3687947392463684
11.597219467163086,0.7522658705711365,-0.3654425740242004
12.527403831481934,1.261719822883606,0.0173030942678451
14.126408576965332,1.336788535118103,1.1203285455703735
15.27320671081543,0.4798716306686401,3.06147837638855
16.78203773498535,-1.1570756435394287,5.555278778076172
18.52155303955078,-1.911327838897705,9.877552032470703
17.292558670043945,-1.510467290878296,12.215003967285156
14.939451217651367,2.548617362976074,3.5761661529541016
20.71632194519043,8.933454513549805,12.02019500732422
18.10356712341309,2.4092605113983154,11.370316505432127
10.220711708068848,9.01895523071289,4.523514270782471
13.838580131530762,3.120497941970825,9.152144432067873
9.038531303405762,-4.228307723999023,8.994986534118652
6.128722190856934,2.4241230487823486,7.60972785949707
5.288658618927002,4.980011463165283,6.04365348815918
4.323460578918457,0.9598469734191896,6.362146377563477
4.879024982452393,0.517763614654541,5.464107990264893
6.588984966278076,1.3363518714904783,3.7317826747894287
7.310811996459961,-0.9539315700531006,3.0023834705352783
7.976119518280029,-0.8474960923194885,1.5137429237365725
10.148577690124512,-2.055541038513184,0.3784306943416595
13.551092147827148,-1.6831960678100586,-0.2626692056655884
17.11717414855957,-1.0557668209075928,-1.0147202014923096
19.054208755493164,-0.4557318985462188,-2.203169822692871
22.812572479248047,0.5467860102653503,-3.656105756759644
26.52304077148437,3.905223846435547,-5.338803291320801
24.208799362182617,9.542887687683104,-8.107032775878906
20.190624237060547,10.720609664916992,-12.763017654418944
15.378599166870115,6.976719856262207,-21.80498695373535
9.495953559875488,9.26511573791504,-23.599899291992188
9.65930461883545,12.800704956054688,-16.116371154785156
12.68406581878662,10.685900688171388,-10.096898078918455
14.982629776000977,9.164084434509276,-4.6344499588012695
13.873726844787598,5.008064270019531,-4.111555576324463
14.417731285095217,-1.2491612434387207,-3.5883891582489014
22.514057159423828,-7.234533786773682,-1.5749818086624146
15.113306999206545,4.61160135269165,-5.772159099578857
13.491796493530272,4.016696453094482,2.747369766235352
7.731281280517578,-5.296646118164063,-3.398054599761963
11.672219276428224,0.8451594114303589,1.7750329971313477
10.916987419128418,1.3661108016967771,2.699300527572632
10.542150497436523,2.304784059524536,1.771012306213379
10.309211730957031,1.8043562173843384,1.1386897563934326
10.254758834838867,0.7726149559020996,0.0727409198880195
9.93996524810791,2.156035900115967,0.585126519203186
9.969970703125,3.0009915828704834,0.6152785420417786
10.62504768371582,3.340111017227173,0.871650218963623
10.440850257873535,2.1979212760925293,0.3046645820140838
10.582161903381348,2.595139503479004,0.1006188616156578
10.63784885406494,1.4585741758346558,-0.3713562786579132
10.659932136535645,1.9092323780059812,0.5773718357086182
11.078031539916992,1.134033441543579,0.3651340007781982
10.121485710144045,2.4131505489349365,0.6591962575912476
9.088825225830078,1.3591090440750122,-0.0174964070320129
9.124492645263672,0.997755765914917,0.3361477553844452
9.20305061340332,1.3971073627471924,-0.2988248169422149
11.214948654174805,0.7013108134269714,0.5204496383666992
11.20339012145996,1.2670860290527344,-1.76952862739563
11.903231620788574,0.6534779071807861,0.7750734686851501
11.097081184387209,1.1589760780334473,-0.9370843172073364
12.41844654083252,1.645201325416565,-0.2326150685548782
14.24929141998291,0.6515307426452637,0.509636402130127
15.295401573181152,-1.640012264251709,1.2779312133789062
16.548845291137695,-4.668924331665039,3.5971155166625977
18.158321380615234,-2.015475988388061,9.617513656616213
17.693483352661133,-0.8777832984924316,13.364330291748049
16.298315048217773,0.1638866811990738,7.766066551208496
18.796710968017575,8.560007095336914,8.459725379943848
21.49943733215332,4.066917896270752,14.743207931518556
13.036364555358888,9.691347122192385,8.675177574157715
12.82447910308838,10.249523162841797,6.49738883972168
15.386727333068848,-6.259982109069824,9.553424835205078
4.42803955078125,-0.1864505410194397,8.936361312866211
5.507411003112793,4.593898773193359,7.213958740234375
4.9994797706604,2.425771474838257,6.779018878936768
4.345602512359619,-2.1895227432250977,6.348609447479248
5.560938358306885,0.6894226670265198,5.057976245880127
6.955267429351807,-0.6159265637397766,3.004082679748535
7.898158073425293,-3.654317855834961,1.4854764938354492
9.800463676452637,-4.315844058990479,-0.6408573985099792
13.441048622131348,-5.003702163696289,-2.116835594177246
16.520509719848633,-3.472751379013061,-3.624868631362915
19.263769149780277,-0.7117167711257935,-4.707751274108887
23.615863800048828,1.2255326509475708,-4.917202472686768
29.627893447875977,3.371199607849121,-6.371469020843506
25.35270500183105,9.321283340454102,-9.624311447143556
20.666433334350582,15.701333045959473,-13.500109672546388
16.974231719970703,11.591748237609863,-19.91045570373535
11.534714698791504,6.548520088195801,-21.898094177246094
8.509231567382812,14.350666046142578,-15.877278327941896
10.231830596923828,12.349990844726562,-11.482498168945312
13.256922721862791,8.99449634552002,-5.802989959716797
14.22685432434082,4.988102436065674,-2.347697496414185
17.440237045288086,-4.422974109649658,0.5330477356910706
18.28145408630371,-10.76661205291748,-5.588284969329834
14.42668628692627,8.432043075561523,-5.169532775878906
13.607234001159668,2.582331657409668,2.1093711853027344
9.81215763092041,-4.537654399871826,-2.354937791824341
11.210798263549805,1.5499392747879028,1.840396523475647
10.29520034790039,2.260734796524048,2.519111156463623
10.563346862792969,1.3191756010055542,1.640297293663025
11.206412315368652,1.3323099613189695,-0.0064895674586296
10.815439224243164,0.6973046660423279,-0.1913430541753769
10.014860153198242,2.2839603424072266,0.2673604488372803
9.815296173095703,2.412959098815918,-0.0636890605092048
10.21412754058838,1.8695216178894043,-0.7412218451499939
10.80842399597168,1.5928950309753418,-0.5256864428520203
9.796151161193848,1.8762437105178835,-0.1933924108743667
10.340080261230469,1.683116793632507,-0.0199652146548032
9.970452308654783,1.91154146194458,0.3154382407665252
10.072976112365724,2.3927197456359863,0.0667287483811378
9.512913703918455,2.9427192211151123,-0.0944251269102096
9.633272171020508,2.696654319763184,0.3179236650466919
9.707757949829102,3.435433149337769,1.5764355659484863
10.120349884033203,2.699871063232422,0.4348063468933105
10.31621551513672,1.1721376180648804,1.0853990316390991
10.349815368652344,-0.0330128520727157,-0.398811936378479
11.316140174865724,-1.2742308378219604,-1.0714248418807983
12.21596336364746,-2.022465705871582,-1.372667908668518
12.914834022521973,-0.6774548292160034,-1.3774445056915283
13.753894805908203,0.179740697145462,-0.7648345828056335
14.242249488830566,0.4529602229595184,1.0554752349853516
14.94107437133789,1.6074728965759275,2.6858954429626465
15.083950996398926,0.1748512685298919,5.268746376037598
15.632283210754396,0.3382989764213562,9.04433536529541
17.29501724243164,0.0464710891246795,13.18670654296875
16.309139251708984,-0.2203414440155029,13.394067764282228
14.85710334777832,3.894376516342163,0.8131166696548462
21.688011169433597,6.294732570648193,12.32248592376709
15.626826286315918,1.6688660383224487,8.837002754211426
12.875396728515623,7.32328987121582,7.628555297851562
13.809574127197266,-0.8103370070457458,10.134076118469238
7.941176414489746,1.0765691995620728,10.70132541656494
5.965889930725098,2.4680018424987797,7.616806030273437
4.847433090209961,1.465419054031372,7.166673183441162
4.239092350006104,-0.5356734395027161,6.480308532714844
5.126256942749023,1.6590585708618164,4.8950700759887695
6.155998706817627,0.4813602566719055,3.3594601154327397
6.433328628540039,-2.5835978984832764,2.1484549045562744
7.857698440551758,-2.641875505447388,0.7664757966995239
10.478286743164062,-2.9850101470947266,-0.1521879136562347
14.039798736572266,-3.053395748138428,-1.1364511251449585
17.247983932495117,-2.060142755508423,-1.708709955215454
19.3381462097168,0.2901513874530792,-2.5748519897460938
23.35533905029297,1.61932635307312,-3.9265458583831783
27.687091827392575,1.5894593000411987,-5.597657680511475
25.54884910583496,7.1275954246521,-7.785833358764648
21.69915199279785,10.73957061767578,-11.071666717529297
17.303646087646484,6.466860771179199,-20.400150299072266
10.9026517868042,7.101849555969238,-23.36269760131836
7.932961463928223,11.717178344726562,-17.058862686157227
12.333699226379396,9.602744102478027,-12.237951278686523
15.524846076965332,6.436997890472412,-5.985714435577393
14.15462589263916,5.861339092254639,-3.685693740844727
17.124677658081055,0.3707651197910309,1.681337594985962
21.052879333496094,-11.14870548248291,-3.842326641082764
12.706961631774902,-0.410375565290451,-7.0623321533203125
12.25025463104248,7.668161869049072,-0.4248100519180298
10.524856567382812,-1.6683510541915894,-0.4512838721275329
12.770319938659668,-3.750532627105713,-0.3652999401092529
11.4730224609375,0.8105640411376953,1.3341656923294067
10.298481941223145,1.0371992588043213,1.5248152017593384
10.05171012878418,2.154597282409668,1.1825332641601562
10.226391792297363,1.190926194190979,1.3272297382354736
9.726763725280762,1.9408550262451167,1.079267501831055
9.06842803955078,2.7218680381774902,1.9244096279144287
9.414813995361328,3.575939893722534,1.9542839527130127
10.64213752746582,2.440559148788452,1.037301540374756
10.169584274291992,1.8764762878417969,0.594694972038269
10.324806213378906,1.2960386276245115,0.0195428989827632
10.009808540344238,1.35232412815094,-0.0814341306686401
10.011148452758787,1.6425635814666748,0.1580216437578201
10.034043312072754,0.880099356174469,0.3085945546627044
10.03017807006836,1.3115837574005127,0.5673525929450989
9.886993408203123,2.076662540435791,0.5099697113037109
9.232584953308104,1.5403121709823608,1.989501953125
10.450362205505373,1.546863079071045,0.3012523055076599
11.710448265075684,-0.1688681691884994,-0.4445161819458008
12.200156211853027,0.4712627530097961,-0.0336722731590271
11.435001373291016,0.9866612553596495,-0.1100883781909942
11.864941596984863,0.3504955470561981,-0.3898885250091553
13.738076210021973,0.1761741489171981,-0.8351216316223145
15.252431869506836,0.6263307929039001,0.0042437314987182
15.7232027053833,-0.5030184984207153,1.5958919525146484
16.51300811767578,-0.8649109601974487,4.365507125854492
18.59612846374512,-2.1120429039001465,8.854199409484863
17.21124267578125,-3.4414730072021484,13.351360321044922
14.79378604888916,1.6570183038711548,10.711812019348145
15.530377388000488,8.0188627243042,3.052143096923828
22.706756591796875,4.757170677185059,14.687116622924805
13.629501342773438,5.147562026977539,9.772871017456056
10.256860733032228,12.25510311126709,5.0590667724609375
15.702570915222168,-3.541733741760254,9.25428295135498
4.799505710601807,-2.6956264972686768,9.034088134765623
5.351124286651611,3.9466865062713614,6.553129196166992
4.624897480010986,4.016017436981201,5.575725555419922
4.853603363037109,-0.4621338844299316,5.337200164794922
6.006963729858398,-0.0873926877975463,4.285433292388916
